input-company-name	input-company-domain																								
SOC Telemed	accesstelecare.com																								
Point It	add3.com																								
	aifworkplatform.com																								
	alliancegrowthsolutions.info																								
Travel Leaders	altour.com																								
AME Group Ltd	ame-group.co.uk																								
SysIQ, Inc.	astounddigital.com																								
Atharva Satellite Ground Station	atharvacoe.ac.in																								
Atlas Professionals	atlasnextwave.com																								
AWISE	awise.se																								
Beigene	beonemedicines.com																								
BeiGene	beonemedicines.com																								
	berkmansbusinesslabs.solutions																								
Vidado	blueprism.com																								
Techzu.com	brandbucket.com																								
Lifespan	brownhealth.org																								
	buycorbanone.org																								
Pachama	carbon-direct.com																								
WB Games Boston	careers.wbd.com																								
Crest Solutions	catalyx.ai																								
Cyber Group	cginfinity.com																								
	christophboeswald.de																								
CMS Workplace	cms-fm.com																								
Cobalt IT Solutions	cobaltcpa.com																								
Adloop	commandersact.com																								
Metropolitan Health Networks Inc.	convivacarecenters.com																								
Walgreens Boots Alliance	corporate.walgreens.com																								
Pearl Law Group	corporateimmigrationpartners.com																								
Centre de services scolaire des Patriotes	csdessommets.qc.ca																								
Continental Title Company	ctitle.com																								
Arceo	cyberresilience.com																								
	daleco.net																								
Acryl Data	datahub.com																								
DataLend	datalend.com																								
	dealsparkhub.com																								
Dhiwise	dhiwise.com																								
Interrodata	dijuno.ai																								
DNV Software	dnvgl.com																								
Fresh Relevance	dotdigital.com																								
	eafarms.com																								
EG India	egsoftware.com																								
CEI Collision and Fleet Safety	elementfleet.com																								
iOLAP	elixirrdigital.com																								
Certify, Inc.	emburse.com																								
Cortex Business Solutions	enverus.com																								
essensysMike	essensys.co.uk																								
InfoReliance	everforthecs.com																								
Evident	evident.com																								
	examplemail.com																								
gentax.com	fastenterprises.com																								
Faye Business Systems Group	fayedigital.com																								
Fitzmark	fitzmark.com																								
fiveringsconnect.com	fiveringsmarketing.com																								
Snow Software	flexera.com																								
	flirtynook.com																								
Tandem	forus.com																								
fraction-force.com	fraction-force.com																								
Freeappsforme	freeappsforme.com																								
	fulljoinapp.com																								
AutoLeadStar	fullpath.com																								
	galaxyvg.com																								
SRA Companies, Inc.	gdit.com																								
Need It Now Delivers, LLC	geodis.com																								
	getfirmograph.ai																								
Claimspace Holdings Inc.	getzemble.com																								
GFP Gestion	gfpfrance.com																								
Giant Screening	giantgroup.com																								
GoEngage	goengage.app																								
Good Day Farm	gooddayfarm.com																								
Vitera Healthcare Solutions	greenwayhealth.com																								
SoftBank Capital	group.softbank																								
DesignPoint	hawkridgesys.com																								
	hellojobcart.com																								
Denver Metro Renovation Contractor	houzz.com																								
eylawyers.com.au	https://eylawyers.com.au																								
International Management Institute, Kolkata	https://imi-k.edu.in																								
Diageo Kirin Co.Ltd.	https://kirin.co.jp																								
nestcg.com.au	https://nestcg.com.au																								
Sophos ANZ	https://sophos.com.au																								
13 Moons	https://www.13moons.com																								
All Counties Courier, Inc.	https://www.accdelivers.com																								
Adapdix	https://www.adapdix.com																								
adritz.com	https://www.adritz.com																								
ABS, LLC.	https://www.adv-usa.com																								
ahmetanriover.com	https://www.ahmetanriover.com																								
apifan.com	https://www.apifan.com																								
asfsdf.com	https://www.asfsdf.com																								
Augments	https://www.augments.art																								
Bb Co	https://www.bb.co																								
bilingualtherapysolutions.com	https://www.bilingualtherapysolutions.com																								
bizatop.com	https://www.bizatop.com																								
Blue Run Public Relations	https://www.bluerunpr.com																								
blueskycapitasolutions.com	https://www.blueskycapitasolutions.com																								
Brands 2 Buyers	https://www.brands2buyers.com																								
Coldwell Banker American Homes	https://www.c21amhomes.com																								
Calvary Lutheran Church	https://www.calvarylc.com																								
ccint.net	https://www.ccint.net																								
City College Center For The Arts	https://www.citycollegecenterforthearts.org																								
CMGI	https://www.cmgi.com																								
Competitrack	https://www.competitrack.com																								
Configuresoft	https://www.configuresoft.com																								
Copier Fax Business Technologies	https://www.copierfaxbt.com																								
CoreDial, LLC	https://www.coredial.com																								
Crawford&grey	https://www.crawfordandgrey.com																								
Cristo Rey	https://www.cristoreytc.org																								
cubeocean.com	https://www.cubeocean.com																								
davidlgreeneinc.com	https://www.davidlgreeneinc.com																								
DEAP School	https://www.deapschool.org																								
dewareff.com	https://www.dewareff.com																								
DM Distribuciones-Hosteleria	https://www.dm.com																								
Dua Systems	https://www.dua.systems																								
easemyledger.com	https://www.easemyledger.com																								
enneathinggoes.com	https://www.enneathinggoes.com																								
Eureka, Inc.	https://www.eure.jp																								
fieldex-sales.com	https://www.fieldex-sales.com																								
FloodSimple Insurance Services	https://www.floodsimple.com																								
gciaonline.com	https://www.gciaonline.com																								
GoAskJay	https://www.goaskjay.com																								
The Greatminds Company	https://www.greatminds.dk																								
Global Talent Track	https://www.gttconnect.com																								
hamiltonpolice.ca	https://www.hamiltonpolice.ca																								
HAYES CONSTRUCTION CO INC	https://www.hayescon.net																								
HeHe	https://www.hehe.rw																								
HEY	https://www.hey.com																								
Hired Hands	https://www.hiredhandsinc.com																								
hit-lab.net	https://www.hit-lab.net																								
Teamsters Local 399	https://www.ht399.org																								
i/o Software, Inc.	https://www.iosoftware.com																								
InnoVantage, Inc.	https://www.ivantageapps.com																								
JBA Infotech Pvt. Ltd.	https://www.jbai.com																								
ketamail.com	https://www.ketamail.com																								
lafermedesperrelles.fr	https://www.lafermedesperrelles.fr																								
Lawrence Automotive	https://www.lawrence-automotive.com																								
LFC	https://www.lfc.com																								
lightofdayniagara.com	https://www.lightofdayniagara.com																								
lounovo.com	https://www.lounovo.com																								
Lsnly	https://www.lsnly.ai																								
Lulo	https://www.luloworld.com																								
marketsignals1.site	https://www.marketsignals1.site																								
mediaexchangedyer.com	https://www.mediaexchangedyer.com																								
metalimits	https://www.metalimits.com																								
miakitoformation.blog	https://www.miakitoformation.blog																								
Moduleq	https://www.moduleq.com																								
mylocaltryst.com	https://www.mylocaltryst.com																								
nathworks.com	https://www.nathworks.com																								
NORTH EAST SCHOOL DISTRICT	https://www.nesd1.org																								
nespresso-office.us	https://www.nespresso-office.us																								
ngbgroup.in	https://www.ngbgroup.in																								
NHB LLC	https://www.nhbmt.biz																								
Non Company	https://www.non-company.com																								
Octoly	https://www.octoly.com																								
omni-tech.net	https://www.omni-tech.net																								
OnTrack Web Design	https://www.otwebdesign.com																								
outreach-bdr.org	https://www.outreach-bdr.org																								
OVA	https://www.ova.ngo																								
Parchment Valley Conference Center	https://www.parchmentvalley.org																								
PayForIT	https://www.payforit.net																								
PC Workshop	https://www.pcworkshop.org																								
Pemmerations	https://www.pemmerations.com																								
phoenixengineeringandconsulting.com	https://www.phoenixengineeringandconsulting.com																								
pixiil	https://www.pixiil.com																								
playaffair.com	https://www.playaffair.com																								
Pompes Funèbres	https://www.pompesfunebresvaucluse.com																								
propertyR Limited	https://www.property-r.com																								
prvoltai.com	https://www.prvoltai.com																								
Purilum, LLC	https://www.purilum.com																								
Quickcard	https://www.quickcard.com																								
recipepro.online	https://www.recipepro.online																								
Reston Bible Church	https://www.restonbible.org																								
Robert Half Executive Search.	https://www.roberthalf.co																								
City of Rolla	https://www.rollacity.org																								
rungel.net	https://www.rungel.net																								
Holcomb Kreithen Plastic Surgery & MedSpa	https://www.sarasota-med.com																								
Scott Hayes Karate	https://www.scotthayeskarate.com																								
securetechgroup.com	https://www.securetechgroup.com																								
sellstack.co	https://www.sellstack.co																								
Simple Energy	https://www.simpleenergy.com																								
Smokin' Guns	https://www.smokingunsrange.com																								
SPU Unternehmens- und Personalberatung GmbH	https://www.spu-personalberatung.de																								
STAT BI CORP	https://www.statbicorp.com																								
Sunview Vineyards	https://www.sunviewvineyards.com																								
symsol.com	https://www.symsol.com																								
tcwlm.com	https://www.tcwlm.com																								
teamrandstaddigital.com	https://www.teamrandstaddigital.com																								
The Partnership Firm	https://www.thepfirm.com																								
therichardshome.com	https://www.therichardshome.com																								
thesaptarshi.com	https://www.thesaptarshi.com																								
tigerbutlerbusinessacquire.com	https://www.tigerbutlerbusinessacquire.com																								
toshibabusiness.com	https://www.toshibabusiness.com																								
tryskyrocketsmail.com	https://www.tryskyrocketsmail.com																								
trywebsitespeedie.com	https://www.trywebsitespeedie.com																								
tupanda.com	https://www.tupanda.com																								
Expeditionary Warfare School	https://www.usmcu.edu																								
vectorbuilderaav.com	https://www.vectorbuilderaav.com																								
veit-reinhart.de	https://www.veit-reinhart.de																								
WiLS	https://www.wils.org																								
yalhethun.com	https://www.yalhethun.com																								
YML Innovation	https://ymlinnovation.com.au																								
HUVIAiR	huviair.com																								
	hyperkeconnect.com																								
iad France	iadfrance.fr																								
Induction Healthcare Group PLC	inductionhealthcare.com																								
Gimbal Inc.	infillion.com																								
AIC	innovasolutions.com																								
Intact	intact-systems.com																								
IntegrateHQ Inc	integratehq.com																								
IterativeScopes	iterative.health																								
All-Care Physical Therapy Center	ivyrehab.com																								
	jerrymcknight.site																								
College Nannies	jovie.com																								
	keepcreditboost.com																								
KGPCo	kgptel.com																								
KPMG LLP	kpmguniversityconnection.com																								
	launchpoweredbystl.com																								
	leadsifynl.com																								
The Buren Insurance Group Inc	libertycompany.com																								
linqesoftware.com	linqesoftware.com																								
Marvel Medical Staffing	luvohealthcare.com																								
matchawardstoday.com	matchawardstoday.com																								
micro4	micro4.com																								
Monster Worldwide, Inc.	monsterindia.com																								
	mymarinetraffic.com																								
	nekonomikon.gg																								
	netvertapro.com																								
Netwise Resources	netwiseresources.com																								
Altima Technologies	netzoom.com																								
	nextechwipe.com																								
One More Cloud	omc.io																								
Omega World Travel	owt.net																								
Pathtothecsuite	pathtothecsuite.com																								
Pearson Vue	pearsonvue.com																								
Market Street Software Inc	perficient.com																								
pioneers-education.org	pioneers-education.org																								
PKE	pke.at																								
Greenbyte	powerfactors.com																								
Pretium Partners, LLC	pretiumpartnersllc.com																								
	purposefulmystoryspeakers.com																								
Quorum DMS	quorumdms.com																								
Redstor	redstor.com																								
Mind Genomics Advsrs	rehavior.com																								
OtailO	returniverse.com																								
Content Raven Inc	revinova.com																								
Clermont Partners	riveron.com																								
	rjmtechly.biz																								
Rocket Central	rocketcentral.com																								
rosslare.pl	rosslare.pl																								
Sigma Science, Inc.	rsienv.com																								
	rushdigital.co																								
	russia-cocaine.online																								
	safevetavirtual.online																								
	samskiti.com																								
	sandhillstreet.com																								
	scaleadai.tech																								
	scarden.com																								
SD4	sd4.com.br																								
Secure Education Consultants LLC	secprotects.com																								
Entrib Analytics	shopworx.io																								
Signalhorn	signalhorn.com																								
Sisthema S.p.A.	sisthemaspa.it																								
SmartStream	smart.stream																								
	sometimesdating.com																								
Dream Capital	sonarcapital.com																								
	speedseo.top																								
unobject	suaclinica.digital																								
SunGard K-12	sungardk12.com																								
Teal	tealtech.com																								
SHR Group	theaccessgroup.com																								
	thefixfitmedia.com																								
	thek2cfin.com																								
Thinkablemedia	thinkablemedia.com																								
Laika	thoropass.com																								
ProntoForms	truecontext.com																								
	trybetterled.com																								
	tryoutboundpartnersteam.com																								
	twillory-reach.com																								
Unext Learning	u-next.com																								
Unt Health Science Center	unthealth.edu																								
	usehnorthwestadvisorshq.com																								
Agora Systems	usekojo.com																								
	useyfoserp.com																								
Invest Southwest	venturemadness.com																								
Vertigo Ventures	vertigoventures.com																								
	via.getrmor.com																								
	virtualmarketingdirectorslabs.com																								
Hubilo	virtualpro.com																								
	visionbridgeconsult.com																								
	vividenterprise.eu																								
	vort-invest.com																								
Vouch	vouch-technologies.com																								
	warm.packetandpine.com																								
hogwarts.com	warnerbros.com																								
webedia.us	webedia.us																								
	weinstockcpapro.com																								
GATE Precast	wells.build																								
Whole Foods Durham	wholefoods.com																								
	willowcapitalconsulting.com																								
Wealth Management Services	wmpcrates.com																								
sssss	www.ddff.com																								
Moopt	y.moopt.com																								
Hearsay Media	yext.com																								
																									
																									
																									
																									
																									
																									
																									
																									
																									
																									
																									
																									
																									
																									
																									
																									
																									
																									
																									
																									
																									
																									
																									
																									
																									
																									
																									
																									
																									
																									
																									
																									
																									
																									
																									
																									
																									
																									
																									
																									
																									
																									
																									
																									
																									
																									
																									
																									
																									
																									
																									
																									
																									
																									
																									
																									
																									
																									
																									
																									
																									
																									
																									
																									
																									
																									
																									
																									
																									
																									
																									
																									
																									
																									
																									
																									
																									
																									
																									
																									
																									
																									
																									
																									
																									
																									
																									
																									
																									
																									
																									
																									
																									
																									
																									
																									
																									
																									
																									
																									
																									
																									
																									
																									
																									
																									
																									
																									
																									
																									
																									
																									
																									
																									
																									
																									
																									
																									
																									
																									
																									
																									
																									
																									
																									
																									
																									
																									
																									
																									
																									
																									
																									
																									
																									
																									
																									
																									
																									
																									
																									
																									
																									
																									
																									
																									
																									
																									
																									
																									
																									
																									
																									
																									
																									
																									
																									
																									
																									
																									
																									
																									
																									
																									
																									
																									
																									
																									
																									
																									
																									
																									
																									
																									
																									
																									
																									
																									
																									
																									
																									
																									
																									
																									
																									
																									
																									
																									
																									
																									
																									
																									
																									
																									
																									
																									
																									
																									
																									
																									
																									
																									
																									
																									
																									
																									
																									
																									
																									
																									
																									
																									
																									
																									
																									
																									
																									
																									
																									
																									
																									
																									
																									
																									
																									
																									
																									
																									
																									
																									
																									
																									
																									
																									
																									
																									
																									
																									
																									
																									
																									
																									
																									
																									
																									
																									
																									
																									
																									
																									
																									
																									
																									
																									
																									
																									
																									
																									
																									
																									
																									
																									
																									
																									
																									
																									
																									
																									
																									
																									
																									
																									
																									
																									
																									
																									
																									
																									
																									
																									
																									
																									
																									
																									
																									
																									
																									
																									
																									
																									
																									
																									
																									
																									
																									
																									
																									
																									
																									
																									
																									
																									
																									
																									
																									
																									
																									
																									
																									
																									
																									
																									
																									
																									
																									
																									
																									
																									
																									
																									
																									
																									
																									
																									
																									
																									
																									
																									
																									
																									
																									
																									
																									
																									
																									
																									
																									
																									
																									
																									
																									
																									
																									
																									
																									
																									
																									
																									
																									
																									
																									
																									
																									
																									
																									
																									
																									
																									
																									
																									
																									
																									
																									
																									
																									
																									
																									
																									
																									
																									
																									
																									
																									
																									
																									
																									
																									
																									
																									
																									
																									
																									
																									
																									
																									
																									
																									
																									
																									
																									
																									
																									
																									
																									
																									
																									
																									
																									
																									
																									
																									
																									
																									
																									
																									
																									
																									
																									
																									
																									
																									
																									
																									
																									
																									
																									
																									
																									
																									
																									
																									
																									
																									
																									
																									
																									
																									
																									
																									
																									
																									
																									
																									
																									
																									
																									
																									
																									
																									
																									
																									
																									
																									
																									
																									
																									
																									
																									
																									
																									
																									
																									
																									
																									
																									
																									
																									
																									
																									
																									
																									
																									
																									
																									
																									
																									
																									
																									
																									
																									
																									
																									
																									
																									
																									
																									
																									
																									
																									
																									
																									
																									
																									
																									
																									
																									
																									
																									
																									
																									
																									
																									
																									
																									
																									
																									
																									
																									
																									
																									
																									
																									
																									
																									
																									
																									
																									
																									
																									
																									
																									
																									
																									
																									
																									
																									
																									
																									
																									
																									
																									
																									
																									
																									
																									
																									
																									
																									
																									
																									
																									
																									
																									
																									
																									
																									
																									
																									
																									
																									
																									
																									
																									
																									
																									
																									
																									
																									
																									
																									
																									
																									
																									
																									
																									
																									
																									
																									
																									
																									
																									
																									
																									
																									
																									
																									
																									
																									
																									
																									
																									
																									
																									
																									
																									
																									
																									
																									
																									
																									
																									
																									
																									
																									
																									
																									
																									
																									
																									
																									
																									
																									
																									
																									
																									
																									
																									
																									
																									
																									
																									
																									
																									
																									
																									
																									
																									
																									
																									
																									
																									
																									
																									
																									
																									
																									
																									
																									
																									
																									
																									
																									
																									
																									
																									
																									
																									
																									
																									
																									
																									
																									
																									
																									
																									
																									
																									
																									
																									
																									
																									
																									
																									
																									
																									
																									
																									
																									
																									
																									
																									
																									
																									
																									
																									
																									
																									
																									
																									
																									
																									
																									
																									
																									
																									
																									
																									
																									
																									
																									
																									
																									
																									
																									
																									
																									
																									
																									
																									
																									
																									
																									
																									
																									
																									
																									
																									
																									
																									
																									
																									
																									
																									
																									
																									
																									
																									
																									
																									